Comparison,Kendall_tau,p_value,Agreement
M1 vs M2,0.816496580927726,0.22067136191984693,Strong
M1 vs M3,0.0,1.0,Weak
M2 vs M3,0.33333333333333337,1.0,Weak
