Comparison,Kendall_tau,p_value,Agreement
M1 vs M2,1.0,0.3333333333333333,Strong
M1 vs M3,0.33333333333333337,1.0,Weak
M2 vs M3,0.33333333333333337,1.0,Weak
