basin_id,Area_km2,Perimeter_km,Basin_Length_km,Total_Stream_Length_km,Stream_Count,Drainage_Density_Dd,Stream_Frequency_Fs,Texture_Ratio_T,Form_Factor_Ff,Elongation_Ratio_Re,Circularity_Ratio_Rc,Compactness_Cc,LengthOverlandFlow_Lg,ChannelMaintenance_C,Elev_Min_m,Elev_Max_m,Elev_Mean_m,Basin_Relief_H_m,Relief_Ratio_Rh,Relative_Relief,Ruggedness_Rn,Melton_MRN,Hypsometric_HI,Slope_Mean_deg,Slope_Std_deg,Slope_Skewness,TRI_Mean,total_streams_N,total_length_m,max_order,Rbm,wRbm,Nu_order1,Lu_order1_km,Nu_order2,Lu_order2_km,Nu_order3,Lu_order3_km,Nu_order4,Lu_order4_km,Nu_order5,Lu_order5_km,Nu_order6,Lu_order6_km,Shape_Class,Circ_Class,Hyps_Class,Cluster
SB1,116.9859,69.5188,17.7552,381.9952,1456,3.2653,12.4459,10.472,0.3711,0.6874,0.3042,1.8131,0.1531,0.3062,669.0,1537.0,861.35,868.0,0.048887,0.0125,2.8343,80.2515,0.2216,13.852,12.994,1.4301,21.634,1456,381995.18490204425,6,2.4529,2.0748,728.0,205.5767,356.0,90.0999,171.0,46.391,144.0,29.3656,45.0,7.7021,12.0,2.8599,Elongated,Elongated/Old,Peneplain (Old/Concave),1
SB2,45.1921,42.7535,9.382,137.9731,532,3.053,11.772,6.3387,0.5134,0.8085,0.3107,1.7941,0.1638,0.3275,671.0,1441.0,876.62,770.0,0.082072,0.018,2.3508,114.5406,0.267,13.925,10.982,1.4394,20.591,532,137973.13993145816,6,4.1397,2.3951,271.0,68.7652,120.0,31.2911,71.0,18.2275,41.0,11.3449,27.0,8.3001,2.0,0.0444,Oval,Elongated/Old,Peneplain (Old/Concave),0
SB3,149.9694,78.0458,16.3067,447.2119,1623,2.982,10.8222,10.622,0.564,0.8474,0.3094,1.7978,0.1677,0.3353,584.0,1428.0,793.78,844.0,0.051758,0.0108,2.5168,68.9193,0.2486,12.13,9.079,1.8321,17.663,1623,447211.8870247233,6,1.7604,2.0747,829.0,234.9824,331.0,96.697,220.0,53.3695,101.0,24.4945,48.0,12.1642,94.0,25.5042,Oval,Elongated/Old,Peneplain (Old/Concave),0
