basin_id,PC1,PC2,PC3
SB1,-4.097802423775202,1.1394572827895904,3.6365806675308384e-16
SB2,3.114692832532095,2.716047905886511,3.63658066753084e-16
SB3,0.9831095912431055,-3.8555051886761014,3.63658066753084e-16
