basin_id,PC1,PC2,PC3
SB1,3.856412393002111,2.618605112778966,-2.5252659341309354e-16
SB2,-4.564877439211818,1.5631890096003604,-2.5252659341309354e-16
SB3,0.7084650462097062,-4.181794122379325,-2.5252659341309354e-16
