basin_id,CF_M1,Rank_M1,Priority_M1,Score_M2,Rank_M2,Priority_M2,Score_M3,Rank_M3,Priority_M3
SB1,1.6,1,High,0.6381629821207293,1,High,2.278698894387321,1,High
SB2,1.8,2,Moderate,0.5370403969372768,2,Moderate,-2.252505426672793,3,Low
SB3,2.6,3,Low,0.11030013143284322,3,Low,-0.026193467714528684,2,Moderate
