basin_id,CF_M1,Rank_M1,Priority_M1,Score_M2,Rank_M2,Priority_M2,Score_M3,Rank_M3,Priority_M3
SB1,1.8,1,High,0.6054496334296239,1,High,2.6578353399527415,1,High
SB2,1.8,1,High,0.5792302188758025,2,Moderate,-1.3878395988248489,3,Low
SB3,2.4,3,Low,0.3297714709265887,3,Low,-1.2699957411278924,2,Moderate
