basin_id,SPI_mean,SPI_max,SPI_std
SB1,252496.92,2.401658e+07,1143223.5623
SB2,274668.6,1.4360948e+07,972161.5586
SB3,2.2957448e+06,9.072476e+07,7564389.5104
