basin_id,Area_km2,Perimeter_km,Basin_Length_km,Drainage_Density_Dd,Relief_Ratio_Rh,Slope_Mean_deg,Smf,Score_Smf,AF,Score_AF,T,Score_T,Vf,Score_Vf,IAT,IAT_class
SB1,116.9859,69.5188,10.1839,3.2601,0.093579,13.852,6.826343542257878,3.0,0.093579,2.0,3.2601,1.0,13.852,2.0,2.0,Class 2 — High
SB2,45.1921,42.7535,6.3296,3.0381,0.150562,13.925,6.754534251769464,1.0,0.150562,1.0,3.0381,2.0,13.925,1.0,1.25,Class 1 — Very High
SB3,149.9694,78.0458,11.5305,2.9794,0.08265,12.13,6.768639694722692,2.0,0.08265,3.0,2.9794,3.0,12.13,3.0,2.75,Class 4 — Low
