basin_id,L_km,Lca_km,A_km2,tL_hr,tr_hr,tp_hr,Qp_1mm_m3s,qp_m3s_km2,W50_hr,W75_hr,tb_hr,Qp_2yr_m3s,Qp_5yr_m3s,Qp_10yr_m3s,Qp_25yr_m3s,Qp_50yr_m3s,Qp_100yr_m3s
SB1,17.755,10.653,116.986,8.676,1.577,9.465,22.2487,0.19018,12.85,7.326,47.323,2054.53,2777.93,3269.21,3898.84,4370.33,4843.38
SB2,9.382,5.629,45.192,5.917,1.076,6.455,12.6023,0.27886,8.5,4.846,32.274,1139.49,1546.19,1822.8,2177.67,2443.6,2710.55
SB3,16.307,9.784,149.969,8.244,1.499,8.993,30.0157,0.20015,12.161,6.933,44.967,2742.46,3714.73,4375.53,5222.84,5857.57,6494.56
