Strahler_Order,N_segments,Total_Length_km,Mean_Seg_Length_m,Mean_Slope_deg,Mean_Slope_frac,Qproxy_m3s,StreamPower_Wm2
1,1828,510.58,279.3,9.83,0.1733,0.0035,11.83
2,809,218.39,269.9,7.13,0.12516,0.0197,48.35
3,462,117.99,255.4,4.31,0.07543,0.0543,53.86
4,286,65.21,228.0,2.89,0.05047,0.1114,51.63
5,120,28.17,234.7,3.36,0.05875,0.1946,79.44
6,105,28.46,271.1,6.36,0.11146,0.3069,189.3
